date,spj
2006/1/4,1180.963
2006/1/5,1197.269
2006/1/6,1209.422
2006/1/9,1215.668
2006/1/10,1220.618
2006/1/11,1211.053
2006/1/12,1226.704
2006/1/13,1221.459
2006/1/16,1202.869
2006/1/17,1208.438
2006/1/18,1233.35
2006/1/19,1251.576
2006/1/20,1255.308
2006/1/23,1255.774
2006/1/24,1252.062
2006/1/25,1258.046
2006/2/6,1287.626
2006/2/7,1282.096
2006/2/8,1290.055
2006/2/9,1269.454
2006/2/10,1282.656
2006/2/13,1279.64
2006/2/14,1286.327
2006/2/15,1299.166
2006/2/16,1270.633
2006/2/17,1267.408
2006/2/20,1267.542
2006/2/21,1288.419
2006/2/22,1284.226
2006/2/23,1288.847
2006/2/24,1296.866
2006/2/27,1297.186
2006/2/28,1299.03
2006/3/1,1306.586
2006/3/2,1285.666
2006/3/3,1293.297
2006/3/6,1288.955
2006/3/7,1259.916
2006/3/8,1250.384
2006/3/9,1245.166
2006/3/10,1245.653
2006/3/13,1259.674
2006/3/14,1259.044
2006/3/15,1274.812
2006/3/16,1274.19
2006/3/17,1269.462
2006/3/20,1288.418
2006/3/21,1290.395
2006/3/22,1296.706
2006/3/23,1302.457
2006/3/24,1294.704
2006/3/27,1295.915
2006/3/28,1298.791
2006/3/29,1305.567
2006/3/30,1294.718
2006/3/31,1298.295
2006/4/3,1319.471
2006/4/4,1329.798
2006/4/5,1340.162
2006/4/6,1339.737
2006/4/7,1342.965
2006/4/10,1359.081
2006/4/11,1362.229
2006/4/12,1360.132
2006/4/13,1332.33
2006/4/14,1359.538
2006/4/17,1378.614
2006/4/18,1385.114
2006/4/19,1396.702
2006/4/20,1385.9
2006/4/21,1416.793
2006/4/24,1409.786
2006/4/25,1399.767
2006/4/26,1417.477
2006/4/27,1416.732
2006/4/28,1440.223
2006/5/8,1497.104
2006/5/9,1531.161
2006/5/10,1545.687
2006/5/11,1537.377
2006/5/12,1602.832
2006/5/15,1664.088
2006/5/16,1613.251
2006/5/17,1625.146
2006/5/18,1617.281
2006/5/19,1659.545
2006/5/22,1657.689
2006/5/23,1604.552
2006/5/24,1590.924
2006/5/25,1591.425
2006/5/26,1613.894
2006/5/29,1648.538
2006/5/30,1657.288
2006/5/31,1641.3
2006/6/1,1684.195
2006/6/2,1669.399
2006/6/5,1684.624
2006/6/6,1679.126
2006/6/7,1589.545
2006/6/8,1591.49
2006/6/9,1551.384
2006/6/12,1552.798
2006/6/13,1548.495
2006/6/14,1531.327
2006/6/15,1533.98
2006/6/16,1574.467
2006/6/19,1586.286
2006/6/20,1592.332
2006/6/21,1598.116
2006/6/22,1596.066
2006/6/23,1605.711
2006/6/26,1633.449
2006/6/27,1639.551
2006/6/28,1639.286
2006/6/29,1671.618
2006/6/30,1672.211
2006/7/3,1697.282
2006/7/4,1681.547
2006/7/5,1718.555
2006/7/6,1741.47
2006/7/7,1730.19
2006/7/10,1734.329
2006/7/11,1745.806
2006/7/12,1740
2006/7/13,1655.773
2006/7/14,1665.208
2006/7/17,1682.887
2006/7/18,1684.252
2006/7/19,1645.16
2006/7/20,1655.122
2006/7/21,1665.328
2006/7/24,1665.944
2006/7/25,1685.461
2006/7/26,1686.654
2006/7/27,1675.168
2006/7/28,1662.031
2006/7/31,1612.733
2006/8/1,1600.614
2006/8/2,1600.872
2006/8/3,1601.058
2006/8/4,1570.15
2006/8/7,1547.436
2006/8/8,1580.577
2006/8/9,1578.566
2006/8/10,1606.065
2006/8/11,1605.926
2006/8/14,1570.738
2006/8/15,1595.657
2006/8/16,1616.41
2006/8/17,1603.332
2006/8/18,1598.018
2006/8/21,1601.15
2006/8/22,1613.355
2006/8/23,1612.396
2006/8/24,1623.017
2006/8/25,1623.034
2006/8/28,1650.438
2006/8/29,1651.024
2006/8/30,1655.195
2006/8/31,1658.638
2006/9/1,1636.691
2006/9/4,1657.52
2006/9/5,1664.078
2006/9/6,1672.121
2006/9/7,1661.19
2006/9/8,1667.984
2006/9/11,1674.966
2006/9/12,1695.862
2006/9/13,1689.389
2006/9/14,1689.692
2006/9/15,1721.045
2006/9/18,1732.987
2006/9/19,1735.241
2006/9/20,1732.453
2006/9/21,1740.901
2006/9/22,1725.361
2006/9/25,1722.366
2006/9/26,1712.637
2006/9/27,1725.039
2006/9/28,1736.963
2006/9/29,1752.424
2006/10/9,1785.385
2006/10/10,1784.862
2006/10/11,1790.104
2006/10/12,1778.181
2006/10/13,1784.656
2006/10/16,1771.299
2006/10/17,1763.901
2006/10/18,1787.185
2006/10/19,1792.253
2006/10/20,1790.364
2006/10/23,1759.394
2006/10/24,1805.181
2006/10/25,1806.646
2006/10/26,1810.646
2006/10/27,1807.175
2006/10/30,1809.656
2006/10/31,1837.993
2006/11/1,1855.713
2006/11/2,1851.314
2006/11/3,1866.362
2006/11/6,1886.307
2006/11/7,1889.53
2006/11/8,1866.817
2006/11/9,1896.482
2006/11/10,1883.347
2006/11/13,1863.765
2006/11/14,1888.239
2006/11/15,1922.935
2006/11/16,1941.547
2006/11/17,1971.793
2006/11/20,2017.279
2006/11/21,2037.552
2006/11/22,2041.355
2006/11/23,2062.363
2006/11/24,2050.812
2006/11/27,2047.277
2006/11/28,2038.721
2006/11/29,2054.091
2006/11/30,2099.289
2006/12/1,2102.049
2006/12/4,2161.648
2006/12/5,2173.285
2006/12/6,2156.604
2006/12/7,2156.75
2006/12/8,2093.638
2006/12/11,2180.496
2006/12/12,2218.951
2006/12/13,2223.455
2006/12/14,2249.11
2006/12/15,2273.908
2006/12/18,2332.434
2006/12/19,2364.177
2006/12/20,2373.205
2006/12/21,2342.938
2006/12/22,2343.668
2006/12/25,2435.762
2006/12/26,2479.732
2006/12/27,2536.387
2006/12/28,2567.594
2006/12/29,2675.474
2007/1/4,2715.719
2007/1/5,2641.334
2007/1/8,2707.199
2007/1/9,2807.804
2007/1/10,2825.576
2007/1/11,2770.11
2007/1/12,2668.11
2007/1/15,2794.701
2007/1/16,2821.017
2007/1/17,2778.9
2007/1/18,2756.983
2007/1/19,2832.207
2007/1/22,2933.19
2007/1/23,2949.144
2007/1/24,2975.129
2007/1/25,2857.365
2007/1/26,2882.558
2007/1/29,2945.263
2007/1/30,2930.562
2007/1/31,2786.335
2007/2/1,2785.432
2007/2/2,2673.212
2007/2/5,2612.537
2007/2/6,2675.697
2007/2/7,2716.175
2007/2/8,2737.732
2007/2/9,2730.386
2007/2/12,2807.174
2007/2/13,2831.872
2007/2/14,2905.093
2007/2/15,2993.008
2007/2/16,2998.474
2007/2/26,3040.599
2007/2/27,2771.791
2007/2/28,2881.073
2007/3/1,2797.19
2007/3/2,2831.526
2007/3/5,2785.306
2007/3/6,2840.175
2007/3/7,2896.594
2007/3/8,2928.015
2007/3/9,2937.91
2007/3/12,2954.914
2007/3/13,2964.794
2007/3/14,2906.334
2007/3/15,2951.698
2007/3/16,2930.481
2007/3/19,3014.442
2007/3/20,3032.195
2007/3/21,3057.38
2007/3/22,3071.225
2007/3/23,3074.286
2007/3/26,3122.811
2007/3/27,3138.826
2007/3/28,3173.018
2007/3/29,3197.537
2007/3/30,3183.983
2007/4/2,3252.595
2007/4/3,3291.299
2007/4/4,3291.542
2007/4/5,3319.14
2007/4/6,3323.585
2007/4/9,3398.95
2007/4/10,3444.291
2007/4/11,3495.224
2007/4/12,3531.029
2007/4/13,3518.267
2007/4/16,3596.441
2007/4/17,3611.87
2007/4/18,3612.396
2007/4/19,3449.016
2007/4/20,3584.204
2007/4/23,3710.886
2007/4/24,3720.532
2007/4/25,3743.959
2007/4/26,3783.063
2007/4/27,3759.867
2007/4/30,3841.272
2007/5/8,3950.011
2007/5/9,4013.085
2007/5/10,4049.701
2007/5/11,4021.678
2007/5/14,4046.392
2007/5/15,3899.178
2007/5/16,3986.043
2007/5/17,4048.293
2007/5/18,4030.258
2007/5/21,4072.225
2007/5/22,4110.379
2007/5/23,4173.709
2007/5/24,4151.133
2007/5/25,4179.776
2007/5/28,4272.111
2007/5/29,4334.924
2007/5/30,4053.088
2007/5/31,4109.654
2007/6/1,4000.742
2007/6/4,3670.401
2007/6/5,3767.101
2007/6/6,3776.317
2007/6/7,3890.803
2007/6/8,3913.135
2007/6/11,3995.68
2007/6/12,4072.138
2007/6/13,4176.48
2007/6/14,4115.209
2007/6/15,4132.869
2007/6/18,4253.348
2007/6/19,4269.524
2007/6/20,4181.323
2007/6/21,4230.823
2007/6/22,4091.445
2007/6/25,3941.081
2007/6/26,3973.371
2007/6/27,4078.599
2007/6/28,3914.204
2007/6/29,3820.703
2007/7/2,3836.294
2007/7/3,3899.724
2007/7/4,3816.165
2007/7/5,3615.872
2007/7/6,3781.348
2007/7/9,3883.216
2007/7/10,3853.021
2007/7/11,3865.723
2007/7/12,3915.991
2007/7/13,3914.395
2007/7/16,3821.916
2007/7/17,3896.191
2007/7/18,3930.06
2007/7/19,3912.941
2007/7/20,4058.853
2007/7/23,4213.361
2007/7/24,4210.329
2007/7/25,4323.966
2007/7/26,4346.458
2007/7/27,4345.357
2007/7/30,4440.769
2007/7/31,4471.032
2007/8/1,4300.563
2007/8/2,4407.73
2007/8/3,4560.774
2007/8/6,4628.108
2007/8/7,4651.225
2007/8/8,4663.162
2007/8/9,4754.095
2007/8/10,4749.369
2007/8/13,4820.064
2007/8/14,4872.785
2007/8/15,4869.883
2007/8/16,4765.448
2007/8/17,4656.574
2007/8/20,4904.855
2007/8/21,4955.207
2007/8/22,4980.075
2007/8/23,5032.494
2007/8/24,5107.668
2007/8/27,5150.118
2007/8/28,5194.689
2007/8/29,5109.427
2007/8/30,5167.884
2007/8/31,5218.825
2007/9/3,5321.055
2007/9/4,5294.045
2007/9/5,5310.716
2007/9/6,5393.66
2007/9/7,5277.176
2007/9/10,5355.287
2007/9/11,5113.968
2007/9/12,5172.627
2007/9/13,5273.592
2007/9/14,5312.182
2007/9/17,5421.392
2007/9/18,5425.208
2007/9/19,5395.265
2007/9/20,5470.065
2007/9/21,5454.674
2007/9/24,5485.013
2007/9/25,5425.88
2007/9/26,5338.52
2007/9/27,5409.403
2007/9/28,5552.301
2007/10/8,5692.755
2007/10/9,5715.892
2007/10/10,5771.464
2007/10/11,5913.23
2007/10/12,5903.264
2007/10/15,6030.086
2007/10/16,6092.057
2007/10/17,6036.281
2007/10/18,5825.282
2007/10/19,5818.047
2007/10/22,5667.332
2007/10/23,5773.387
2007/10/24,5843.109
2007/10/25,5562.394
2007/10/26,5589.631
2007/10/29,5747.997
2007/10/30,5897.193
2007/10/31,5954.765
2007/11/1,5914.285
2007/11/2,5777.809
2007/11/5,5634.452
2007/11/6,5536.569
2007/11/7,5601.783
2007/11/8,5330.023
2007/11/9,5315.54
2007/11/12,5187.735
2007/11/13,5158.118
2007/11/14,5412.694
2007/11/15,5365.267
2007/11/16,5316.274
2007/11/19,5269.817
2007/11/20,5293.703
2007/11/21,5214.225
2007/11/22,4984.161
2007/11/23,5032.13
2007/11/26,4958.849
2007/11/27,4861.111
2007/11/28,4803.394
2007/11/29,5003.333
2007/11/30,4871.778
2007/12/3,4868.611
2007/12/4,4915.889
2007/12/5,5042.654
2007/12/6,5035.073
2007/12/7,5091.756
2007/12/10,5161.919
2007/12/11,5175.076
2007/12/12,5095.543
2007/12/13,4958.043
2007/12/14,5007.911
2007/12/17,4876.761
2007/12/18,4836.174
2007/12/19,4941.784
2007/12/20,5043.535
2007/12/21,5101.779
2007/12/24,5234.262
2007/12/25,5201.181
2007/12/26,5233.351
2007/12/27,5308.889
2007/12/28,5261.563
2008/1/2,5272.814
2008/1/3,5319.861
2008/1/4,5361.574
2008/1/7,5393.343
2008/1/8,5386.531
2008/1/9,5435.807
2008/1/10,5456.541
2008/1/11,5484.677
2008/1/14,5497.901
2008/1/15,5443.791
2008/1/16,5290.606
2008/1/17,5151.626
2008/1/18,5180.514
2008/1/21,4914.435
2008/1/22,4559.751
2008/1/23,4703.047
2008/1/24,4717.734
2008/1/25,4761.688
2008/1/28,4419.294
2008/1/29,4457.944
2008/1/30,4417.849
2008/1/31,4383.393
2008/2/1,4320.767
2008/2/4,4672.17
2008/2/5,4599.696
2008/2/13,4490.721
2008/2/14,4552.316
2008/2/15,4497.127
2008/2/18,4568.151
2008/2/19,4664.295
2008/2/20,4567.026
2008/2/21,4527.177
2008/2/22,4370.285
2008/2/25,4192.533
2008/2/26,4238.179
2008/2/27,4334.047
2008/2/28,4299.513
2008/2/29,4348.543
2008/3/3,4438.265
2008/3/4,4335.446
2008/3/5,4292.654
2008/3/6,4360.986
2008/3/7,4300.515
2008/3/10,4146.299
2008/3/11,4165.878
2008/3/12,4070.116
2008/3/13,3971.257
2008/3/14,3962.673
2008/3/17,3820.048
2008/3/18,3668.897
2008/3/19,3761.605
2008/3/20,3804.054
2008/3/21,3796.576
2008/3/24,3626.188
2008/3/25,3629.619
2008/3/26,3606.857
2008/3/27,3411.493
2008/3/28,3580.146
2008/3/31,3472.713
2008/4/1,3329.162
2008/4/2,3347.882
2008/4/3,3446.244
2008/4/7,3599.618
2008/4/8,3612.539
2008/4/9,3413.907
2008/4/10,3471.743
2008/4/11,3492.893
2008/4/14,3296.672
2008/4/15,3348.353
2008/4/16,3291.599
2008/4/17,3222.741
2008/4/18,3094.668
2008/4/21,3116.977
2008/4/22,3147.793
2008/4/23,3278.33
2008/4/24,3583.028
2008/4/25,3557.749
2008/4/28,3474.722
2008/4/29,3523.405
2008/4/30,3693.106
2008/5/5,3761.009
2008/5/6,3733.503
2008/5/7,3579.147
2008/5/8,3656.839
2008/5/9,3613.494
2008/5/12,3626.982
2008/5/13,3560.243
2008/5/14,3657.432
2008/5/15,3637.324
2008/5/16,3624.233
2008/5/19,3604.761
2008/5/20,3443.162
2008/5/21,3544.186
2008/5/22,3485.63
2008/5/23,3473.091
2008/5/26,3364.544
2008/5/27,3375.407
2008/5/28,3459.026
2008/5/29,3401.437
2008/5/30,3433.354
2008/6/2,3459.044
2008/6/3,3436.398
2008/6/4,3369.913
2008/6/5,3351.645
2008/6/6,3329.67
2008/6/10,3072.333
2008/6/11,3024.24
2008/6/12,2957.532
2008/6/13,2868.8
2008/6/16,2874.103
2008/6/17,2794.751
2008/6/18,2941.115
2008/6/19,2748.874
2008/6/20,2831.736
2008/6/23,2760.417
2008/6/24,2803.019
2008/6/25,2905.014
2008/6/26,2901.85
2008/6/27,2748.432
2008/6/30,2736.103
2008/7/1,2651.605
2008/7/2,2651.725
2008/7/3,2703.529
2008/7/4,2669.892
2008/7/7,2792.397
2008/7/8,2814.947
2008/7/9,2920.546
2008/7/10,2875.45
2008/7/11,2856.634
2008/7/14,2878.256
2008/7/15,2779.448
2008/7/16,2705.867
2008/7/17,2684.778
2008/7/18,2778.367
2008/7/21,2861.418
2008/7/22,2846.117
2008/7/23,2837.849
2008/7/24,2910.292
2008/7/25,2865.101
2008/7/28,2903.012
2008/7/29,2850.311
2008/7/30,2836.668
2008/7/31,2775.717
2008/8/1,2801.817
2008/8/4,2741.74
2008/8/5,2690.746
2008/8/6,2719.368
2008/8/7,2727.577
2008/8/8,2605.719
2008/8/11,2470.074
2008/8/12,2457.198
2008/8/13,2446.297
2008/8/14,2437.082
2008/8/15,2450.61
2008/8/18,2319.868
2008/8/19,2344.469
2008/8/20,2523.282
2008/8/21,2431.716
2008/8/22,2405.226
2008/8/25,2413.374
2008/8/26,2350.084
2008/8/27,2342.147
2008/8/28,2350.143
2008/8/29,2397.369
2008/9/1,2325.135
2008/9/2,2304.891
2008/9/3,2276.672
2008/9/4,2277.411
2008/9/5,2202.446
2008/9/8,2143.421
2008/9/9,2145.779
2008/9/10,2150.759
2008/9/11,2078.981
2008/9/12,2079.673
2008/9/16,1986.636
2008/9/17,1929.047
2008/9/18,1895.837
2008/9/19,2075.091
2008/9/22,2236.41
2008/9/23,2201.51
2008/9/24,2216.811
2008/9/25,2297.501
2008/9/26,2293.784
2008/10/6,2173.738
2008/10/7,2157.839
2008/10/8,2092.224
2008/10/9,2074.583
2008/10/10,2000.572
2008/10/13,2073.568
2008/10/14,2017.321
2008/10/15,1994.667
2008/10/16,1909.941
2008/10/17,1930.651
2008/10/20,1974.006
2008/10/21,1958.529
2008/10/22,1895.822
2008/10/23,1875.561
2008/10/24,1839.621
2008/10/27,1723.351
2008/10/28,1771.821
2008/10/29,1719.812
2008/10/30,1763.607
2008/10/31,1728.786
2008/11/3,1719.774
2008/11/4,1706.703
2008/11/5,1760.609
2008/11/6,1717.722
2008/11/7,1747.713
2008/11/10,1874.801
2008/11/11,1843.607
2008/11/12,1859.11
2008/11/13,1927.613
2008/11/14,1986.438
2008/11/17,2030.485
2008/11/18,1902.43
2008/11/19,2017.474
2008/11/20,1983.76
2008/11/21,1969.389
2008/11/24,1897.06
2008/11/25,1888.715
2008/11/26,1897.884
2008/11/27,1917.861
2008/11/28,1871.156
2008/12/1,1894.615
2008/12/2,1889.638
2008/12/3,1965.414
2008/12/4,2001.504
2008/12/5,2018.656
2008/12/8,2090.773
2008/12/9,2037.74
2008/12/10,2079.117
2008/12/11,2031.681
2008/12/12,1954.215
2008/12/15,1964.374
2008/12/16,1975.006
2008/12/17,1976.819
2008/12/18,2015.694
2008/12/19,2018.463
2008/12/22,1987.755
2008/12/23,1897.225
2008/12/24,1863.8
2008/12/25,1852.419
2008/12/26,1851.518
2008/12/29,1850.48
2008/12/30,1832.91
2008/12/31,1820.805
2009/1/5,1880.716
2009/1/6,1937.145
2009/1/7,1924.012
2009/1/8,1878.181
2009/1/9,1904.861
2009/1/12,1900.347
2009/1/13,1863.367
2009/1/14,1928.869
2009/1/15,1920.206
2009/1/16,1954.438
2009/1/19,1986.672
2009/1/20,1994.107
2009/1/21,1985.016
2009/1/22,2004.951
2009/1/23,1990.657
2009/2/2,2011.683
2009/2/3,2060.808
2009/2/4,2107.749
2009/2/5,2098.018
2009/2/6,2181.239
2009/2/9,2224.714
2009/2/10,2265.161
2009/2/11,2260.82
2009/2/12,2248.091
2009/2/13,2320.792
2009/2/16,2389.387
2009/2/17,2319.441
2009/2/18,2209.862
2009/2/19,2227.125
2009/2/20,2261.478
2009/2/23,2305.777
2009/2/24,2200.654
2009/2/25,2206.574
2009/2/26,2121.251
2009/2/27,2082.852
2009/3/2,2093.447
2009/3/3,2071.431
2009/3/4,2198.107
2009/3/5,2221.076
2009/3/6,2193.007
2009/3/9,2118.748
2009/3/10,2158.568
2009/3/11,2139.025
2009/3/12,2133.881
2009/3/13,2128.848
2009/3/16,2153.291
2009/3/17,2218.326
2009/3/18,2223.725
2009/3/19,2265.759
2009/3/20,2281.087
2009/3/23,2325.48
2009/3/24,2338.42
2009/3/25,2291.555
2009/3/26,2361.704
2009/3/27,2374.438
2009/3/30,2358.04
2009/3/31,2373.213
2009/4/1,2408.017
2009/4/2,2425.291
2009/4/3,2419.778
2009/4/7,2439.182
2009/4/8,2347.385
2009/4/9,2379.876
2009/4/10,2444.226
2009/4/13,2513.701
2009/4/14,2527.181
2009/4/15,2536.056
2009/4/16,2534.134
2009/4/17,2503.935
2009/4/20,2557.456
2009/4/21,2535.828
2009/4/22,2461.346
2009/4/23,2463.954
2009/4/24,2448.595
2009/4/27,2405.348
2009/4/28,2401.438
2009/4/29,2468.192
2009/4/30,2477.569
2009/5/4,2559.911
2009/5/5,2567.337
2009/5/6,2592.52
2009/5/7,2597.447
2009/5/8,2625.645
2009/5/11,2579.747
2009/5/12,2618.172
2009/5/13,2663.766
2009/5/14,2639.887
2009/5/15,2645.263
2009/5/18,2652.779
2009/5/19,2676.682
2009/5/20,2651.414
2009/5/21,2610.622
2009/5/22,2597.601
2009/5/25,2610.01
2009/5/26,2588.575
2009/5/27,2632.93
2009/6/1,2721.28
2009/6/2,2724.302
2009/6/3,2778.589
2009/6/4,2767.244
2009/6/5,2753.891
2009/6/8,2768.336
2009/6/9,2787.887
2009/6/10,2816.247
2009/6/11,2797.32
2009/6/12,2743.762
2009/6/15,2789.549
2009/6/16,2776.022
2009/6/17,2810.123
2009/6/18,2853.903
2009/6/19,2880.492
2009/6/22,2896.302
2009/6/23,2892.697
2009/6/24,2922.299
2009/6/25,2925.046
2009/6/26,2928.211
2009/6/29,2975.314
2009/6/30,2959.362
2009/7/1,3008.15
2009/7/2,3060.254
2009/7/3,3088.367
2009/7/6,3124.667
2009/7/7,3089.45
2009/7/8,3080.774
2009/7/9,3123.035
2009/7/10,3113.932
2009/7/13,3080.556
2009/7/14,3145.157
2009/7/15,3188.551
2009/7/16,3183.742
2009/7/17,3189.741
2009/7/20,3266.92
2009/7/21,3213.206
2009/7/22,3296.615
2009/7/23,3328.49
2009/7/24,3372.603
2009/7/27,3435.212
2009/7/28,3438.371
2009/7/29,3266.432
2009/7/30,3321.56
2009/7/31,3412.062
2009/8/3,3462.59
2009/8/4,3471.442
2009/8/5,3428.501
2009/8/6,3356.33
2009/8/7,3260.69
2009/8/10,3249.76
2009/8/11,3264.726
2009/8/12,3112.719
2009/8/13,3140.56
2009/8/14,3046.972
2009/8/17,2870.63
2009/8/18,2910.884
2009/8/19,2785.584
2009/8/20,2911.582
2009/8/21,2960.771
2009/8/24,2993.429
2009/8/25,2915.803
2009/8/26,2967.595
2009/8/27,2946.395
2009/8/28,2860.688
2009/8/31,2667.745
2009/9/1,2683.724
2009/9/2,2714.974
2009/9/3,2845.024
2009/9/4,2861.609
2009/9/7,2881.116
2009/9/8,2930.475
2009/9/9,2946.259
2009/9/10,2924.883
2009/9/11,2989.792
2009/9/14,3026.741
2009/9/15,3033.728
2009/9/16,2999.71
2009/9/17,3060.26
2009/9/18,2962.667
2009/9/21,2967.011
2009/9/22,2897.553
2009/9/23,2842.721
2009/9/24,2853.554
2009/9/25,2838.842
2009/9/28,2763.525
2009/9/29,2754.54
2009/9/30,2779.426
2009/10/9,2911.715
2009/10/12,2894.483
2009/10/13,2936.191
2009/10/14,2970.532
2009/10/15,2979.788
2009/10/16,2976.633
2009/10/19,3038.273
2009/10/20,3084.454
2009/10/21,3070.589
2009/10/22,3051.412
2009/10/23,3107.847
2009/10/26,3109.566
2009/10/27,3021.459
2009/10/28,3031.329
2009/10/29,2960.466
2009/10/30,2995.848
2009/11/2,3076.649
2009/11/3,3114.227
2009/11/4,3128.537
2009/11/5,3155.053
2009/11/6,3164.037
2009/11/9,3175.585
2009/11/10,3178.61
2009/11/11,3175.192
2009/11/12,3172.945
2009/11/13,3187.647
2009/11/16,3275.048
2009/11/17,3282.889
2009/11/18,3303.234
2009/11/19,3320.612
2009/11/20,3308.346
2009/11/23,3338.663
2009/11/24,3223.526
2009/11/25,3290.165
2009/11/26,3170.98
2009/11/27,3096.265
2009/11/30,3195.301
2009/12/1,3235.363
2009/12/2,3269.752
2009/12/3,3264.628
2009/12/4,3317.044
2009/12/7,3331.897
2009/12/8,3296.664
2009/12/9,3239.568
2009/12/10,3254.264
2009/12/11,3247.318
2009/12/14,3302.904
2009/12/15,3274.46
2009/12/16,3255.213
2009/12/17,3179.078
2009/12/18,3113.886
2009/12/21,3122.973
2009/12/22,3050.52
2009/12/23,3073.777
2009/12/24,3153.41
2009/12/25,3141.353
2009/12/28,3188.785
2009/12/29,3211.761
2009/12/30,3262.6
2009/12/31,3277.139
2010/1/4,3243.76
2010/1/5,3282.179
2010/1/6,3254.215
2010/1/7,3192.776
2010/1/8,3195.997
2010/1/11,3212.75
2010/1/12,3273.966
2010/1/13,3172.658
2010/1/14,3215.55
2010/1/15,3224.152
2010/1/18,3237.098
2010/1/19,3246.874
2010/1/20,3151.85
2010/1/21,3158.863
2010/1/22,3128.588
2010/1/25,3094.411
2010/1/26,3019.394
2010/1/27,2986.607
2010/1/28,2994.143
2010/1/29,2989.292
2010/2/1,2941.36
2010/2/2,2934.713
2010/2/3,3003.835
2010/2/4,2995.308
2010/2/5,2939.402
2010/2/8,2935.174
2010/2/9,2948.842
2010/2/10,2982.5
2010/2/11,2985.499
2010/2/12,3018.133
2010/2/22,3003.398
2010/2/23,2982.575
2010/2/24,3022.177
2010/2/25,3060.618
2010/2/26,3051.943
2010/3/1,3087.842
2010/3/2,3073.108
2010/3/3,3097.005
2010/3/4,3023.373
2010/3/5,3031.065
2010/3/8,3053.232
2010/3/9,3069.141
2010/3/10,3048.927
2010/3/11,3051.282
2010/3/12,3013.412
2010/3/15,2976.939
2010/3/16,2992.841
2010/3/17,3050.479
2010/3/18,3046.089
2010/3/19,3067.75
2010/3/22,3074.576
2010/3/23,3053.125
2010/3/24,3056.808
2010/3/25,3019.176
2010/3/26,3059.715
2010/3/29,3123.798
2010/3/30,3128.468
2010/3/31,3109.105
2010/4/1,3147.416
2010/4/2,3157.957
2010/4/6,3158.681
2010/4/7,3148.222
2010/4/8,3118.709
2010/4/9,3145.347
2010/4/12,3129.263
2010/4/13,3161.251
2010/4/14,3166.183
2010/4/15,3164.966
2010/4/16,3130.302
2010/4/19,2980.297
2010/4/20,2979.533
2010/4/21,3033.278
2010/4/22,2999.484
2010/4/23,2983.537
2010/4/26,2969.503
2010/4/27,2907.928
2010/4/28,2900.331
2010/4/29,2868.432
2010/4/30,2870.611
2010/5/4,2835.277
2010/5/5,2857.151
2010/5/6,2739.702
2010/5/7,2688.383
2010/5/10,2698.757
2010/5/11,2647.574
2010/5/12,2655.714
2010/5/13,2710.507
2010/5/14,2696.629
2010/5/17,2559.931
2010/5/18,2594.783
2010/5/19,2587.807
2010/5/20,2555.94
2010/5/21,2583.522
2010/5/24,2673.423
2010/5/25,2622.63
2010/5/26,2625.793
2010/5/27,2655.918
2010/5/28,2655.767
2010/5/31,2592.147
2010/6/1,2568.283
2010/6/2,2571.423
2010/6/3,2552.656
2010/6/4,2553.593
2010/6/7,2511.729
2010/6/8,2513.947
2010/6/9,2583.87
2010/6/10,2562.58
2010/6/11,2569.942
2010/6/17,2560.245
2010/6/18,2513.222
2010/6/21,2586.21
2010/6/22,2588.698
2010/6/23,2569.872
2010/6/24,2566.745
2010/6/25,2552.817
2010/6/28,2535.278
2010/6/29,2427.053
2010/6/30,2398.37
2010/7/1,2373.792
2010/7/2,2382.901
2010/7/5,2363.947
2010/7/6,2409.424
2010/7/7,2421.117
2010/7/8,2415.15
2010/7/9,2470.923
2010/7/12,2490.718
2010/7/13,2450.286
2010/7/14,2470.44
2010/7/15,2424.304
2010/7/16,2424.271
2010/7/19,2475.421
2010/7/20,2528.73
2010/7/21,2535.394
2010/7/22,2562.406
2010/7/23,2572.028
2010/7/26,2588.683
2010/7/27,2575.368
2010/7/28,2633.663
2010/7/29,2648.116
2010/7/30,2637.503
2010/8/2,2672.516
2010/8/3,2627.002
2010/8/4,2638.522
2010/8/5,2620.757
2010/8/6,2658.392
2010/8/9,2672.533
2010/8/10,2595.274
2010/8/11,2607.497
2010/8/12,2575.475
2010/8/13,2606.7
2010/8/16,2661.708
2010/8/17,2671.893
2010/8/18,2666.301
2010/8/19,2687.979
2010/8/20,2642.307
2010/8/23,2639.366
2010/8/24,2650.307
2010/8/25,2596.58
2010/8/26,2603.481
2010/8/27,2610.742
2010/8/30,2652.664
2010/8/31,2638.798
2010/9/1,2622.882
2010/9/2,2655.776
2010/9/3,2655.394
2010/9/6,2696.25
2010/9/7,2698.363
2010/9/8,2695.291
2010/9/9,2656.352
2010/9/10,2663.209
2010/9/13,2688.32
2010/9/14,2688.522
2010/9/15,2652.503
2010/9/16,2602.465
2010/9/17,2598.689
2010/9/20,2588.713
2010/9/21,2591.55
2010/9/27,2627.967
2010/9/28,2611.354
2010/9/29,2610.678
2010/9/30,2655.658
2010/10/8,2738.744
2010/10/11,2806.942
2010/10/12,2841.407
2010/10/13,2861.361
2010/10/14,2879.636
2010/10/15,2971.16
2010/10/18,2955.227
2010/10/19,3001.853
2010/10/20,3003.951
2010/10/21,2983.533
2010/10/22,2975.043
2010/10/25,3051.419
2010/10/26,3041.543
2010/10/27,2997.048
2010/10/28,2992.579
2010/10/29,2978.835
2010/11/1,3054.021
2010/11/2,3045.434
2010/11/3,3030.988
2010/11/4,3086.939
2010/11/5,3129.497
2010/11/8,3159.512
2010/11/9,3135
2010/11/10,3115.356
2010/11/11,3147.744
2010/11/12,2985.435
2010/11/15,3014.413
2010/11/16,2894.538
2010/11/17,2838.857
2010/11/18,2865.452
2010/11/19,2888.566
2010/11/22,2884.371
2010/11/23,2828.282
2010/11/24,2859.936
2010/11/25,2898.261
2010/11/26,2871.698
2010/11/29,2866.356
2010/11/30,2820.181
2010/12/1,2823.449
2010/12/2,2843.607
2010/12/3,2842.431
2010/12/6,2857.178
2010/12/7,2875.861
2010/12/8,2848.546
2010/12/9,2810.949
2010/12/10,2841.04
2010/12/13,2922.954
2010/12/14,2927.077
2010/12/15,2911.414
2010/12/16,2898.138
2010/12/17,2893.74
2010/12/20,2852.916
2010/12/21,2904.115
2010/12/22,2877.9
2010/12/23,2855.22
2010/12/24,2835.157
2010/12/27,2781.402
2010/12/28,2732.99
2010/12/29,2751.527
2010/12/30,2759.575
2010/12/31,2808.077
2011/1/4,2852.648
2011/1/5,2838.593
2011/1/6,2824.197
2011/1/7,2838.801
2011/1/10,2791.809
2011/1/11,2804.047
2011/1/12,2821.305
2011/1/13,2827.713
2011/1/14,2791.344
2011/1/17,2706.66
2011/1/18,2708.979
2011/1/19,2758.097
2011/1/20,2677.652
2011/1/21,2715.294
2011/1/24,2695.72
2011/1/25,2677.432
2011/1/26,2708.814
2011/1/27,2749.15
2011/1/28,2752.75
2011/1/31,2790.694
2011/2/1,2798.96
2011/2/9,2774.065
2011/2/10,2818.163
2011/2/11,2827.328
2011/2/14,2899.134
2011/2/15,2899.237
2011/2/16,2923.896
2011/2/17,2926.964
2011/2/18,2899.792
2011/2/21,2932.246
2011/2/22,2855.516
2011/2/23,2862.634
2011/2/24,2878.603
2011/2/25,2878.565
2011/2/28,2905.053
2011/3/1,2918.92
2011/3/2,2913.808
2011/3/3,2902.978
2011/3/4,2942.306
2011/3/7,2996.211
2011/3/8,2999.942
2011/3/9,3002.154
2011/3/10,2957.143
2011/3/11,2933.796
2011/3/14,2937.627
2011/3/15,2896.256
2011/3/16,2930.804
2011/3/17,2897.298
2011/3/18,2906.886
2011/3/21,2909.137
2011/3/22,2919.142
2011/3/23,2948.477
2011/3/24,2946.706
2011/3/25,2977.814
2011/3/28,2984.005
2011/3/29,2958.077
2011/3/30,2955.771
2011/3/31,2928.111
2011/4/1,2967.41
2011/4/6,3001.36
2011/4/7,3007.909
2011/4/8,3030.021
2011/4/11,3022.746
2011/4/12,3021.369
2011/4/13,3050.398
2011/4/14,3042.635
2011/4/15,3050.526
2011/4/18,3057.329
2011/4/19,2999.041
2011/4/20,3007.037
2011/4/21,3026.668
2011/4/22,3010.517
2011/4/25,2964.951
2011/4/26,2938.981
2011/4/27,2925.408
2011/4/28,2887.044
2011/4/29,2911.511
2011/5/3,2932.188
2011/5/4,2866.017
2011/5/5,2872.404
2011/5/6,2863.886
2011/5/9,2872.46
2011/5/10,2890.634
2011/5/11,2883.42
2011/5/12,2844.083
2011/5/13,2871.031
2011/5/16,2849.067
2011/5/17,2852.773
2011/5/18,2872.771
2011/5/19,2859.574
2011/5/20,2858.459
2011/5/23,2774.569
2011/5/24,2767.056
2011/5/25,2741.741
2011/5/26,2736.527
2011/5/27,2709.947
2011/5/30,2706.361
2011/5/31,2743.472
2011/6/1,2743.572
2011/6/2,2705.181
2011/6/3,2728.02
2011/6/7,2744.3
2011/6/8,2750.288
2011/6/9,2703.345
2011/6/10,2705.143
2011/6/13,2700.379
2011/6/14,2730.04
2011/6/15,2705.431
2011/6/16,2664.283
2011/6/17,2642.818
2011/6/20,2621.253
2011/6/21,2646.483
2011/6/22,2649.321
2011/6/23,2688.249
2011/6/24,2746.211
2011/6/27,2758.23
2011/6/28,2759.202
2011/6/29,2728.483
2011/6/30,2762.076
2011/7/1,2759.362
2011/7/4,2812.818
2011/7/5,2816.355
2011/7/6,2810.479
2011/7/7,2794.267
2011/7/8,2797.774
2011/7/11,2802.692
2011/7/12,2754.582
2011/7/13,2795.476
2011/7/14,2810.444
2011/7/15,2820.169
2011/7/18,2816.688
2011/7/19,2796.983
2011/7/20,2794.205
2011/7/21,2765.894
2011/7/22,2770.79
2011/7/25,2688.746
2011/7/26,2703.026
2011/7/27,2723.492
2011/7/28,2708.777
2011/7/29,2701.729
2011/8/1,2703.783
2011/8/2,2679.259
2011/8/3,2678.485
2011/8/4,2684.039
2011/8/5,2626.423
2011/8/8,2526.816
2011/8/9,2526.07
2011/8/10,2549.176
2011/8/11,2581.508
2011/8/12,2593.173
2011/8/15,2626.77
2011/8/16,2608.166
2011/8/17,2601.261
2011/8/18,2559.472
2011/8/19,2534.358
2011/8/22,2515.863
2011/8/23,2554.019
2011/8/24,2541.091
2011/8/25,2615.261
2011/8/26,2612.188
2011/8/29,2576.413
2011/8/30,2566.595
2011/8/31,2567.34
2011/9/1,2556.042
2011/9/2,2528.28
2011/9/5,2478.739
2011/9/6,2470.524
2011/9/7,2516.09
2011/9/8,2498.943
2011/9/9,2497.753
2011/9/13,2471.305
2011/9/14,2484.827
2011/9/15,2479.055
2011/9/16,2482.343
2011/9/19,2437.795
2011/9/20,2447.755
2011/9/21,2512.963
2011/9/22,2443.057
2011/9/23,2433.159
2011/9/26,2393.183
2011/9/27,2415.054
2011/9/28,2392.062
2011/9/29,2365.343
2011/9/30,2359.22
2011/10/10,2344.787
2011/10/11,2348.516
2011/10/12,2420
2011/10/13,2438.79
2011/10/14,2431.375
2011/10/17,2440.402
2011/10/18,2383.485
2011/10/19,2377.512
2011/10/20,2331.366
2011/10/21,2317.275
2011/10/24,2370.333
2011/10/25,2409.672
2011/10/26,2427.48
2011/10/27,2435.614
2011/10/28,2473.41
2011/10/31,2468.25
2011/11/1,2470.019
2011/11/2,2504.108
2011/11/3,2508.09
2011/11/4,2528.294
2011/11/7,2509.799
2011/11/8,2503.836
2011/11/9,2524.919
2011/11/10,2479.536
2011/11/11,2481.084
2011/11/14,2528.714
2011/11/15,2529.761
2011/11/16,2466.959
2011/11/17,2463.046
2011/11/18,2416.562
2011/11/21,2415.13
2011/11/22,2412.625
2011/11/23,2395.065
2011/11/24,2397.554
2011/11/25,2380.224
2011/11/28,2383.034
2011/11/29,2412.393
2011/11/30,2333.414
2011/12/1,2386.86
2011/12/2,2360.664
2011/12/5,2333.229
2011/12/6,2325.905
2011/12/7,2332.73
2011/12/8,2329.82
2011/12/9,2315.27
2011/12/12,2291.545
2011/12/13,2248.59
2011/12/14,2228.525
2011/12/15,2180.895
2011/12/16,2224.84
2011/12/19,2218.235
2011/12/20,2215.93
2011/12/21,2191.148
2011/12/22,2186.297
2011/12/23,2204.784
2011/12/26,2190.11
2011/12/27,2166.205
2011/12/28,2170.013
2011/12/29,2173.561
2011/12/30,2199.417
2012/1/4,2169.39
2012/1/5,2148.452
2012/1/6,2163.395
2012/1/9,2225.89
2012/1/10,2285.744
2012/1/11,2276.046
2012/1/12,2275.01
2012/1/13,2244.58
2012/1/16,2206.193
2012/1/17,2298.376
2012/1/18,2266.384
2012/1/19,2296.075
2012/1/20,2319.118
2012/1/30,2285.038
2012/1/31,2292.61
2012/2/1,2268.08
2012/2/2,2312.556
2012/2/3,2330.405
2012/2/6,2331.136
2012/2/7,2291.902
2012/2/8,2347.53
2012/2/9,2349.589
2012/2/10,2351.981
2012/2/13,2351.855
2012/2/14,2344.771
2012/2/15,2366.702
2012/2/16,2356.86
2012/2/17,2357.181
2012/2/20,2363.597
2012/2/21,2381.43
2012/2/22,2403.587
2012/2/23,2409.554
2012/2/24,2439.628
2012/2/27,2447.057
2012/2/28,2451.857
2012/2/29,2428.487
2012/3/1,2426.115
2012/3/2,2460.693
2012/3/5,2445.002
2012/3/6,2410.445
2012/3/7,2394.794
2012/3/8,2420.276
2012/3/9,2439.462
2012/3/12,2434.859
2012/3/13,2455.795
2012/3/14,2391.23
2012/3/15,2373.774
2012/3/16,2404.736
2012/3/19,2410.184
2012/3/20,2376.839
2012/3/21,2378.195
2012/3/22,2375.772
2012/3/23,2349.539
2012/3/26,2350.599
2012/3/27,2347.179
2012/3/28,2284.881
2012/3/29,2252.16
2012/3/30,2262.788
2012/4/5,2302.241
2012/4/6,2306.553
2012/4/9,2285.777
2012/4/10,2305.863
2012/4/11,2308.925
2012/4/12,2350.864
2012/4/13,2359.161
2012/4/16,2357.026
2012/4/17,2334.985
2012/4/18,2380.848
2012/4/19,2378.634
2012/4/20,2406.863
2012/4/23,2388.588
2012/4/24,2388.834
2012/4/25,2406.813
2012/4/26,2404.697
2012/4/27,2396.316
2012/5/2,2438.436
2012/5/3,2440.08
2012/5/4,2452.014
2012/5/7,2451.947
2012/5/8,2448.884
2012/5/9,2408.587
2012/5/10,2410.23
2012/5/11,2394.983
2012/5/14,2380.725
2012/5/15,2374.843
2012/5/16,2346.192
2012/5/17,2378.886
2012/5/18,2344.52
2012/5/21,2348.3
2012/5/22,2373.307
2012/5/23,2363.437
2012/5/24,2350.973
2012/5/25,2333.553
2012/5/28,2361.367
2012/5/29,2389.636
2012/5/30,2384.668
2012/5/31,2372.234
2012/6/1,2373.436
2012/6/4,2308.55
2012/6/5,2311.916
2012/6/6,2309.555
2012/6/7,2293.13
2012/6/8,2281.447
2012/6/11,2305.856
2012/6/12,2289.791
2012/6/13,2318.924
2012/6/14,2295.946
2012/6/15,2306.85
2012/6/18,2316.052
2012/6/19,2300.795
2012/6/20,2292.877
2012/6/21,2260.877
2012/6/25,2224.114
2012/6/26,2222.067
2012/6/27,2216.934
2012/6/28,2195.843
2012/6/29,2225.431
2012/7/2,2226.11
2012/7/3,2229.193
2012/7/4,2227.315
2012/7/5,2201.353
2012/7/6,2223.579
2012/7/9,2170.814
2012/7/10,2164.437
2012/7/11,2175.383
2012/7/12,2185.491
2012/7/13,2185.895
2012/7/16,2147.955
2012/7/17,2161.186
2012/7/18,2169.099
2012/7/19,2184.841
2012/7/20,2168.638
2012/7/23,2141.402
2012/7/24,2146.589
2012/7/25,2136.151
2012/7/26,2126.004
2012/7/27,2128.765
2012/7/30,2109.914
2012/7/31,2103.634
2012/8/1,2123.36
2012/8/2,2111.182
2012/8/3,2132.796
2012/8/6,2154.916
2012/8/7,2157.62
2012/8/8,2160.99
2012/8/9,2174.102
2012/8/10,2168.814
2012/8/13,2136.078
2012/8/14,2142.525
2012/8/15,2118.945
2012/8/16,2112.197
2012/8/17,2114.891
2012/8/20,2106.957
2012/8/21,2118.268
2012/8/22,2107.711
2012/8/23,2113.072
2012/8/24,2092.104
2012/8/27,2055.708
2012/8/28,2073.154
2012/8/29,2053.235
2012/8/30,2052.585
2012/8/31,2047.522
2012/9/3,2059.147
2012/9/4,2043.649
2012/9/5,2037.681
2012/9/6,2051.918
2012/9/7,2127.762
2012/9/10,2134.893
2012/9/11,2120.554
2012/9/12,2126.554
2012/9/13,2110.379
2012/9/14,2123.847
2012/9/17,2078.5
2012/9/18,2059.543
2012/9/19,2067.831
2012/9/20,2024.837
2012/9/21,2026.69
2012/9/24,2033.192
2012/9/25,2029.293
2012/9/26,2004.172
2012/9/27,2056.323
2012/9/28,2086.169
2012/10/8,2074.419
2012/10/9,2115.23
2012/10/10,2119.942
2012/10/11,2102.868
2012/10/12,2104.932
2012/10/15,2098.703
2012/10/16,2098.808
2012/10/17,2105.618
2012/10/18,2131.688
2012/10/19,2128.302
2012/10/22,2132.758
2012/10/23,2114.447
2012/10/24,2115.99
2012/10/25,2101.58
2012/10/26,2066.209
2012/10/29,2058.943
2012/10/30,2062.347
2012/10/31,2068.88
2012/11/1,2104.428
2012/11/2,2117.046
2012/11/5,2114.027
2012/11/6,2105.999
2012/11/7,2105.73
2012/11/8,2071.509
2012/11/9,2069.067
2012/11/12,2079.274
2012/11/13,2047.889
2012/11/14,2055.419
2012/11/15,2030.29
2012/11/16,2014.725
2012/11/19,2016.982
2012/11/20,2008.923
2012/11/21,2030.319
2012/11/22,2015.611
2012/11/23,2027.384
2012/11/26,2017.464
2012/11/27,1991.165
2012/11/28,1973.523
2012/11/29,1963.488
2012/11/30,1980.117
2012/12/3,1959.767
2012/12/4,1975.143
2012/12/5,2031.907
2012/12/6,2029.237
2012/12/7,2061.786
2012/12/10,2083.77
2012/12/11,2074.704
2012/12/12,2082.726
2012/12/13,2061.476
2012/12/14,2150.625
2012/12/17,2160.342
2012/12/18,2162.464
2012/12/19,2162.239
2012/12/20,2168.353
2012/12/21,2153.31
2012/12/24,2159.053
2012/12/25,2213.611
2012/12/26,2219.132
2012/12/27,2205.897
2012/12/28,2233.252
2012/12/31,2269.128
2013/1/4,2276.992
2013/1/7,2285.364
2013/1/8,2276.07
2013/1/9,2275.34
2013/1/10,2283.658
2013/1/11,2242.997
2013/1/14,2311.74
2013/1/15,2325.682
2013/1/16,2309.499
2013/1/17,2284.909
2013/1/18,2317.07
2013/1/21,2328.221
2013/1/22,2315.139
2013/1/23,2320.911
2013/1/24,2302.598
2013/1/25,2291.304
2013/1/28,2346.505
2013/1/29,2358.977
2013/1/30,2382.475
2013/1/31,2385.422
2013/2/1,2419.02
2013/2/4,2428.154
2013/2/5,2433.13
2013/2/6,2434.477
2013/2/7,2418.53
2013/2/8,2432.402
2013/2/18,2421.558
2013/2/19,2382.914
2013/2/20,2397.178
2013/2/21,2325.951
2013/2/22,2314.164
2013/2/25,2325.819
2013/2/26,2293.341
2013/2/27,2313.22
2013/2/28,2365.593
2013/3/1,2359.506
2013/3/4,2273.404
2013/3/5,2326.306
2013/3/6,2347.179
2013/3/7,2324.293
2013/3/8,2318.611
2013/3/11,2310.593
2013/3/12,2286.605
2013/3/13,2263.968
2013/3/14,2270.277
2013/3/15,2278.401
2013/3/18,2240.016
2013/3/19,2257.434
2013/3/20,2317.374
2013/3/21,2324.242
2013/3/22,2328.278
2013/3/25,2326.715
2013/3/26,2297.669
2013/3/27,2301.259
2013/3/28,2236.302
2013/3/29,2236.621
2013/4/1,2234.395
2013/4/2,2227.74
2013/4/3,2225.295
2013/4/8,2211.592
2013/4/9,2225.775
2013/4/10,2226.126
2013/4/11,2219.553
2013/4/12,2206.78
2013/4/15,2181.942
2013/4/16,2194.846
2013/4/17,2193.796
2013/4/18,2197.602
2013/4/19,2244.643
2013/4/22,2242.169
2013/4/23,2184.538
2013/4/24,2218.318
2013/4/25,2199.307
2013/4/26,2177.912
2013/5/2,2174.123
2013/5/3,2205.497
2013/5/6,2231.166
2013/5/7,2235.575
2013/5/8,2246.3
2013/5/9,2232.971
2013/5/10,2246.831
2013/5/13,2241.92
2013/5/14,2217.01
2013/5/15,2224.797
2013/5/16,2251.806
2013/5/17,2282.87
2013/5/20,2299.986
2013/5/21,2305.114
2013/5/22,2302.403
2013/5/23,2275.667
2013/5/24,2288.533
2013/5/27,2293.077
2013/5/28,2321.318
2013/5/29,2324.017
2013/5/30,2317.749
2013/5/31,2300.595
2013/6/3,2299.252
2013/6/4,2272.416
2013/6/5,2270.931
2013/6/6,2242.11
2013/6/7,2210.898
2013/6/13,2148.355
2013/6/14,2162.041
2013/6/17,2156.215
2013/6/18,2159.291
2013/6/19,2143.454
2013/6/20,2084.021
2013/6/21,2073.095
2013/6/24,1963.235
2013/6/25,1959.508
2013/6/26,1951.495
2013/6/27,1950.013
2013/6/28,1979.206
2013/7/1,1995.242
2013/7/2,2006.56
2013/7/3,1994.268
2013/7/4,2006.098
2013/7/5,2007.199
2013/7/8,1958.273
2013/7/9,1965.454
2013/7/10,2008.126
2013/7/11,2072.991
2013/7/12,2039.486
2013/7/15,2059.39
2013/7/16,2065.72
2013/7/17,2044.922
2013/7/18,2023.396
2013/7/19,1992.648
2013/7/22,2004.762
2013/7/23,2043.876
2013/7/24,2033.329
2013/7/25,2021.174
2013/7/26,2010.85
2013/7/29,1976.306
2013/7/30,1990.064
2013/7/31,1993.799
2013/8/1,2029.067
2013/8/2,2029.418
2013/8/5,2050.481
2013/8/6,2060.5
2013/8/7,2046.778
2013/8/8,2044.895
2013/8/9,2052.235
2013/8/12,2101.283
2013/8/13,2106.156
2013/8/14,2100.137
2013/8/15,2081.88
2013/8/16,2068.452
2013/8/19,2085.602
2013/8/20,2072.595
2013/8/21,2072.961
2013/8/22,2067.124
2013/8/23,2057.458
2013/8/26,2096.474
2013/8/27,2103.567
2013/8/28,2101.301
2013/8/29,2097.227
2013/8/30,2098.382
2013/9/2,2098.448
2013/9/3,2123.112
2013/9/4,2127.618
2013/9/5,2122.43
2013/9/6,2139.993
2013/9/9,2212.516
2013/9/10,2237.984
2013/9/11,2241.268
2013/9/12,2255.605
2013/9/13,2236.217
2013/9/16,2231.401
2013/9/17,2185.56
2013/9/18,2191.851
2013/9/23,2221.044
2013/9/24,2207.531
2013/9/25,2198.515
2013/9/26,2155.809
2013/9/27,2160.027
2013/9/30,2174.665
2013/10/8,2198.199
2013/10/9,2211.769
2013/10/10,2190.929
2013/10/11,2228.146
2013/10/14,2237.773
2013/10/15,2233.412
2013/10/16,2193.074
2013/10/17,2188.542
2013/10/18,2193.78
2013/10/21,2229.237
2013/10/22,2210.652
2013/10/23,2183.107
2013/10/24,2164.322
2013/10/25,2132.955
2013/10/28,2133.869
2013/10/29,2128.864
2013/10/30,2160.463
2013/10/31,2141.614
2013/11/1,2149.562
2013/11/4,2149.634
2013/11/5,2157.24
2013/11/6,2139.607
2013/11/7,2129.4
2013/11/8,2106.127
2013/11/11,2109.471
2013/11/12,2126.772
2013/11/13,2087.941
2013/11/14,2100.506
2013/11/15,2135.827
2013/11/18,2197.219
2013/11/19,2193.125
2013/11/20,2206.613
2013/11/21,2205.766
2013/11/22,2196.378
2013/11/25,2186.115
2013/11/26,2183.073
2013/11/27,2201.07
2013/11/28,2219.372
2013/11/29,2220.504
2013/12/2,2207.371
2013/12/3,2222.67
2013/12/4,2251.762
2013/12/5,2247.063
2013/12/6,2237.108
2013/12/9,2238.2
2013/12/10,2237.492
2013/12/11,2204.166
2013/12/12,2202.796
2013/12/13,2196.075
2013/12/16,2160.861
2013/12/17,2151.079
2013/12/18,2148.285
2013/12/19,2127.792
2013/12/20,2084.794
2013/12/23,2089.707
2013/12/24,2092.905
2013/12/25,2106.354
2013/12/26,2073.099
2013/12/27,2101.251
2013/12/30,2097.529
2013/12/31,2115.978
2014/1/2,2109.387
2014/1/3,2083.136
2014/1/6,2045.709
2014/1/7,2047.317
2014/1/8,2044.34
2014/1/9,2027.622
2014/1/10,2013.298
2014/1/13,2009.564
2014/1/14,2026.842
2014/1/15,2023.348
2014/1/16,2023.701
2014/1/17,2004.949
2014/1/20,1991.253
2014/1/21,2008.313
2014/1/22,2051.749
2014/1/23,2042.18
2014/1/24,2054.392
2014/1/27,2033.3
2014/1/28,2038.513
2014/1/29,2049.914
2014/1/30,2033.083
2014/2/7,2044.497
2014/2/10,2086.067
2014/2/11,2103.671
2014/2/12,2109.955
2014/2/13,2098.401
2014/2/14,2115.848
2014/2/17,2135.415
2014/2/18,2119.066
2014/2/19,2142.554
2014/2/20,2138.782
2014/2/21,2113.693
2014/2/24,2076.686
2014/2/25,2034.219
2014/2/26,2041.254
2014/2/27,2047.354
2014/2/28,2056.302
2014/3/3,2075.235
2014/3/4,2071.473
2014/3/5,2053.084
2014/3/6,2059.578
2014/3/7,2057.908
2014/3/10,1999.065
2014/3/11,2001.157
2014/3/12,1997.692
2014/3/13,2019.111
2014/3/14,2004.339
2014/3/17,2023.673
2014/3/18,2025.196
2014/3/19,2021.734
2014/3/20,1993.479
2014/3/21,2047.619
2014/3/24,2066.279
2014/3/25,2067.311
2014/3/26,2063.67
2014/3/27,2046.588
2014/3/28,2041.712
2014/3/31,2033.306
2014/4/1,2047.46
2014/4/2,2058.988
2014/4/3,2043.702
2014/4/4,2058.831
2014/4/8,2098.284
2014/4/9,2105.237
2014/4/10,2134.3
2014/4/11,2130.542
2014/4/14,2131.539
2014/4/15,2101.601
2014/4/16,2105.122
2014/4/17,2098.885
2014/4/18,2097.748
2014/4/21,2065.826
2014/4/22,2072.831
2014/4/23,2067.382
2014/4/24,2057.033
2014/4/25,2036.519
2014/4/28,2003.487
2014/4/29,2020.341
2014/4/30,2026.358
2014/5/5,2027.353
2014/5/6,2028.038
2014/5/7,2010.083
2014/5/8,2015.274
2014/5/9,2011.135
2014/5/12,2052.871
2014/5/13,2050.728
2014/5/14,2047.91
2014/5/15,2024.974
2014/5/16,2026.504
2014/5/19,2005.183
2014/5/20,2008.119
2014/5/21,2024.951
2014/5/22,2021.285
2014/5/23,2034.569
2014/5/26,2041.476
2014/5/27,2034.565
2014/5/28,2050.228
2014/5/29,2040.595
2014/5/30,2039.212
2014/6/3,2038.305
2014/6/4,2024.834
2014/6/5,2040.878
2014/6/6,2029.956
2014/6/9,2030.502
2014/6/10,2052.532
2014/6/11,2054.948
2014/6/12,2051.713
2014/6/13,2070.715
2014/6/16,2085.983
2014/6/17,2066.698
2014/6/18,2055.519
2014/6/19,2023.735
2014/6/20,2026.674
2014/6/23,2024.365
2014/6/24,2033.931
2014/6/25,2025.502
2014/6/26,2038.677
2014/6/27,2036.51
2014/6/30,2048.327
2014/7/1,2050.381
2014/7/2,2059.418
2014/7/3,2063.229
2014/7/4,2059.375
2014/7/7,2059.927
2014/7/8,2064.021
2014/7/9,2038.612
2014/7/10,2038.342
2014/7/11,2046.961
2014/7/14,2066.646
2014/7/15,2070.357
2014/7/16,2067.276
2014/7/17,2055.591
2014/7/18,2059.067
2014/7/21,2054.479
2014/7/22,2075.481
2014/7/23,2078.489
2014/7/24,2105.062
2014/7/25,2126.614
2014/7/28,2177.948
2014/7/29,2183.192
2014/7/30,2181.243
2014/7/31,2201.562
2014/8/1,2185.303
2014/8/4,2223.331
2014/8/5,2219.945
2014/8/6,2217.465
2014/8/7,2187.669
2014/8/8,2194.425
2014/8/11,2224.654
2014/8/12,2221.595
2014/8/13,2222.877
2014/8/14,2206.466
2014/8/15,2226.734
2014/8/18,2239.466
2014/8/19,2245.33
2014/8/20,2240.211
2014/8/21,2230.458
2014/8/22,2240.812
2014/8/25,2229.274
2014/8/26,2207.106
2014/8/27,2209.465
2014/8/28,2195.818
2014/8/29,2217.2
2014/9/1,2235.511
2014/9/2,2266.046
2014/9/3,2288.627
2014/9/4,2306.862
2014/9/5,2326.432
2014/9/9,2326.527
2014/9/10,2318.305
2014/9/11,2311.679
2014/9/12,2331.95
2014/9/15,2339.14
2014/9/16,2296.555
2014/9/17,2307.893
2014/9/18,2315.928
2014/9/19,2329.451
2014/9/22,2289.866
2014/9/23,2309.718
2014/9/24,2343.575
2014/9/25,2345.103
2014/9/26,2347.718
2014/9/29,2357.711
2014/9/30,2363.87
2014/10/8,2382.794
2014/10/9,2389.371
2014/10/10,2374.54
2014/10/13,2366.009
2014/10/14,2359.475
2014/10/15,2373.67
2014/10/16,2356.499
2014/10/17,2341.184
2014/10/20,2356.728
2014/10/21,2339.657
2014/10/22,2326.553
2014/10/23,2302.418
2014/10/24,2302.28
2014/10/27,2290.437
2014/10/28,2337.871
2014/10/29,2373.03
2014/10/30,2391.076
2014/10/31,2420.178
2014/11/3,2430.032
2014/11/4,2430.677
2014/11/5,2419.254
2014/11/6,2425.864
2014/11/7,2418.171
2014/11/10,2473.673
2014/11/11,2469.673
2014/11/12,2494.476
2014/11/13,2485.606
2014/11/14,2478.824
2014/11/17,2474.009
2014/11/18,2456.366
2014/11/19,2450.986
2014/11/20,2452.66
2014/11/21,2486.791
2014/11/24,2532.879
2014/11/25,2567.597
2014/11/26,2604.345
2014/11/27,2630.486
2014/11/28,2682.835
2014/12/1,2680.155
2014/12/2,2763.545
2014/12/3,2779.525
2014/12/4,2899.456
2014/12/5,2937.647
2014/12/8,3020.258
2014/12/9,2856.269
2014/12/10,2940.006
2014/12/11,2925.743
2014/12/12,2938.173
2014/12/15,2953.421
2014/12/16,3021.518
2014/12/17,3061.02
2014/12/18,3057.521
2014/12/19,3108.596
2014/12/22,3127.445
2014/12/23,3032.612
2014/12/24,2972.532
2014/12/25,3072.536
2014/12/26,3157.603
2014/12/29,3168.016
2014/12/30,3165.815
2014/12/31,3234.677
2015/1/5,3350.519
2015/1/6,3351.446
2015/1/7,3373.954
2015/1/8,3293.456
2015/1/9,3285.412
2015/1/12,3229.316
2015/1/13,3235.301
2015/1/14,3222.437
2015/1/15,3336.455
2015/1/16,3376.495
2015/1/19,3116.351
2015/1/20,3173.052
2015/1/21,3323.611
2015/1/22,3343.344
2015/1/23,3351.764
2015/1/26,3383.182
2015/1/27,3352.96
2015/1/28,3305.738
2015/1/29,3262.305
2015/1/30,3210.363
2015/2/2,3128.3
2015/2/3,3204.907
2015/2/4,3174.126
2015/2/5,3136.531
2015/2/6,3075.907
2015/2/9,3095.124
2015/2/10,3141.593
2015/2/11,3157.704
2015/2/12,3173.416
2015/2/13,3203.827
2015/2/16,3222.363
2015/2/17,3246.906
2015/2/25,3228.843
2015/2/26,3298.359
2015/2/27,3310.303
2015/3/2,3336.285
2015/3/3,3263.052
2015/3/4,3279.533
2015/3/5,3248.476
2015/3/6,3241.187
2015/3/9,3302.408
2015/3/10,3286.068
2015/3/11,3290.9
2015/3/12,3349.323
2015/3/13,3372.911
2015/3/16,3449.305
2015/3/17,3502.847
2015/3/18,3577.301
2015/3/19,3582.271
2015/3/20,3617.318
2015/3/23,3687.728
2015/3/24,3691.41
2015/3/25,3660.727
2015/3/26,3682.095
2015/3/27,3691.096
2015/3/30,3786.568
2015/3/31,3747.899
2015/4/1,3810.294
2015/4/2,3825.784
2015/4/3,3863.929
2015/4/7,3961.378
2015/4/8,3994.811
2015/4/9,3957.534
2015/4/10,4034.31
2015/4/13,4121.715
2015/4/14,4135.565
2015/4/15,4084.163
2015/4/16,4194.823
2015/4/17,4287.296
2015/4/20,4217.077
2015/4/21,4293.623
2015/4/22,4398.494
2015/4/23,4414.508
2015/4/24,4393.686
2015/4/27,4527.396
2015/4/28,4476.215
2015/4/29,4476.62
2015/4/30,4441.655
2015/5/4,4480.464
2015/5/5,4298.706
2015/5/6,4229.266
2015/5/7,4112.214
2015/5/8,4205.917
2015/5/11,4333.584
2015/5/12,4401.219
2015/5/13,4375.76
2015/5/14,4378.311
2015/5/15,4308.691
2015/5/18,4283.491
2015/5/19,4417.552
2015/5/20,4446.288
2015/5/21,4529.422
2015/5/22,4657.596
2015/5/25,4813.798
2015/5/26,4910.897
2015/5/27,4941.714
2015/5/28,4620.266
2015/5/29,4611.744
2015/6/1,4828.738
2015/6/2,4910.527
2015/6/3,4909.978
2015/6/4,4947.102
2015/6/5,5023.096
2015/6/8,5131.881
2015/6/9,5113.534
2015/6/10,5106.036
2015/6/11,5121.593
2015/6/12,5166.35
2015/6/15,5062.993
2015/6/16,4887.432
2015/6/17,4967.898
2015/6/18,4785.356
2015/6/19,4478.364
2015/6/23,4576.492
2015/6/24,4690.15
2015/6/25,4527.779
2015/6/26,4192.873
2015/6/29,4053.03
2015/6/30,4277.222
2015/7/1,4053.7
2015/7/2,3912.767
2015/7/3,3686.915
2015/7/6,3775.912
2015/7/7,3727.125
2015/7/8,3507.192
2015/7/9,3709.33
2015/7/10,3877.803
2015/7/13,3970.388
2015/7/14,3924.487
2015/7/15,3805.703
2015/7/16,3823.176
2015/7/17,3957.352
2015/7/20,3992.11
2015/7/21,4017.675
2015/7/22,4026.045
2015/7/23,4123.923
2015/7/24,4070.908
2015/7/27,3725.558
2015/7/28,3663.002
2015/7/29,3789.168
2015/7/30,3705.766
2015/7/31,3663.726
2015/8/3,3622.905
2015/8/4,3756.545
2015/8/5,3694.573
2015/8/6,3661.539
2015/8/7,3744.205
2015/8/10,3928.415
2015/8/11,3927.908
2015/8/12,3886.32
2015/8/13,3954.556
2015/8/14,3965.335
2015/8/17,3993.668
2015/8/18,3748.164
2015/8/19,3794.109
2015/8/20,3664.291
2015/8/21,3507.744
2015/8/24,3209.905
2015/8/25,2964.967
2015/8/26,2927.288
2015/8/27,3083.591
2015/8/28,3232.35
2015/8/31,3205.986
2015/9/1,3166.624
2015/9/2,3160.167
2015/9/7,3080.42
2015/9/8,3170.452
2015/9/9,3243.089
2015/9/10,3197.893
2015/9/11,3200.234
2015/9/14,3114.798
2015/9/15,3005.172
2015/9/16,3152.263
2015/9/17,3086.061
2015/9/18,3097.917
2015/9/21,3156.54
2015/9/22,3185.619
2015/9/23,3115.888
2015/9/24,3142.687
2015/9/25,3092.347
2015/9/28,3100.756
2015/9/29,3038.137
2015/9/30,3052.781
2015/10/8,3143.357
2015/10/9,3183.152
2015/10/12,3287.662
2015/10/13,3293.23
2015/10/14,3262.441
2015/10/15,3338.073
2015/10/16,3391.352
2015/10/19,3386.7
2015/10/20,3425.33
2015/10/21,3320.676
2015/10/22,3368.739
2015/10/23,3412.434
2015/10/26,3429.581
2015/10/27,3434.336
2015/10/28,3375.196
2015/10/29,3387.315
2015/10/30,3382.561
2015/11/2,3325.085
2015/11/3,3316.695
2015/11/4,3459.64
2015/11/5,3522.819
2015/11/6,3590.032
2015/11/9,3646.881
2015/11/10,3640.485
2015/11/11,3650.249
2015/11/12,3632.902
2015/11/13,3580.839
2015/11/16,3606.957
2015/11/17,3604.795
2015/11/18,3568.468
2015/11/19,3617.062
2015/11/20,3630.5
2015/11/23,3610.32
2015/11/24,3616.113
2015/11/25,3647.93
2015/11/26,3635.552
2015/11/27,3436.303
2015/11/30,3445.405
2015/12/1,3456.309
2015/12/2,3536.905
2015/12/3,3584.824
2015/12/4,3524.992
2015/12/7,3536.927
2015/12/8,3470.07
2015/12/9,3472.439
2015/12/10,3455.495
2015/12/11,3434.581
2015/12/14,3520.668
2015/12/15,3510.354
2015/12/16,3516.187
2015/12/17,3579.999
2015/12/18,3578.964
2015/12/21,3642.472
2015/12/22,3651.767
2015/12/23,3636.089
2015/12/24,3612.485
2015/12/25,3627.914
2015/12/28,3533.779
2015/12/29,3563.736
2015/12/30,3572.876
2015/12/31,3539.182
2016/1/4,3296.258
2016/1/5,3287.711
2016/1/6,3361.84
2016/1/7,3125.002
2016/1/8,3186.412
2016/1/11,3016.704
2016/1/12,3022.861
2016/1/13,2949.597
2016/1/14,3007.649
2016/1/15,2900.97
2016/1/18,2913.8367
2016/1/19,3007.7393
2016/1/20,2976.6938
2016/1/21,2880.4816
2016/1/22,2916.5624
2016/1/25,2938.5149
2016/1/26,2749.7854
2016/1/27,2735.5578
2016/1/28,2655.6609
2016/1/29,2737.5996
2016/2/1,2688.8536
2016/2/2,2749.5703
2016/2/3,2739.2469
2016/2/4,2781.0227
2016/2/5,2763.492
2016/2/15,2746.1958
2016/2/16,2836.5705
2016/2/17,2867.3379
2016/2/18,2862.8927
2016/2/19,2860.0208
2016/2/22,2927.175
2016/2/23,2903.3313
2016/2/24,2928.896
2016/2/25,2741.2454
2016/2/26,2767.2097
2016/2/29,2687.9788
2016/3/1,2733.17
2016/3/2,2849.6811
2016/3/3,2859.7582
2016/3/4,2874.1468
2016/3/7,2897.3395
2016/3/8,2901.387
2016/3/9,2862.556
2016/3/10,2804.7255
2016/3/11,2810.3074
2016/3/14,2859.499
2016/3/15,2864.3684
2016/3/16,2870.43
2016/3/17,2904.8319
2016/3/18,2955.1498
2016/3/21,3018.8017
2016/3/22,2999.3628
2016/3/23,3009.9604
2016/3/24,2960.9704
2016/3/25,2979.4343
2016/3/28,2957.82
2016/3/29,2919.8318
2016/3/30,3000.6449
2016/3/31,3003.9152
2016/4/1,3009.5298
2016/4/5,3053.0654
2016/4/6,3050.592
2016/4/7,3008.42
2016/4/8,2984.9582
2016/4/11,3033.957
2016/4/12,3023.6464
2016/4/13,3066.6381
2016/4/14,3082.3615
2016/4/15,3078.1166
2016/4/18,3033.6604
2016/4/19,3042.8232
2016/4/20,2972.5837
2016/4/21,2952.8911
2016/4/22,2959.24
2016/4/25,2946.6704
2016/4/26,2964.6997
2016/4/27,2953.6709
2016/4/28,2945.5886
2016/4/29,2938.3235
2016/5/3,2992.6432
2016/5/4,2991.2721
2016/5/5,2997.8416
2016/5/6,2913.2476
2016/5/9,2832.1125
2016/5/10,2832.5912
2016/5/11,2837.0372
2016/5/12,2835.8618
2016/5/13,2827.1087
2016/5/16,2850.8617
2016/5/17,2843.6841
2016/5/18,2807.5141
2016/5/19,2806.9061
2016/5/20,2825.4831
2016/5/23,2843.645
2016/5/24,2821.6663
2016/5/25,2815.0863
2016/5/26,2822.4429
2016/5/27,2821.046
2016/5/30,2822.4509
2016/5/31,2916.616
2016/6/1,2913.5077
2016/6/2,2925.2293
2016/6/3,2938.682
2016/6/6,2934.0979
2016/6/7,2936.0449
2016/6/8,2927.159
2016/6/13,2833.0707
2016/6/14,2842.1886
2016/6/15,2887.2101
2016/6/16,2872.8166
2016/6/17,2885.105
2016/6/20,2888.8091
2016/6/21,2878.5575
2016/6/22,2905.5495
2016/6/23,2891.9602
2016/6/24,2854.2864
2016/6/27,2895.7033
2016/6/28,2912.5574
2016/6/29,2931.5923
2016/6/30,2929.6057
2016/7/1,2932.4758
2016/7/4,2988.604
2016/7/5,3006.3919
2016/7/6,3017.2924
2016/7/7,3016.8467
2016/7/8,2988.0939
2016/7/11,2994.9167
2016/7/12,3049.381
2016/7/13,3060.6893
2016/7/14,3054.0182
2016/7/15,3054.296
2016/7/18,3043.5643
2016/7/19,3036.5979
2016/7/20,3027.8995
2016/7/21,3039.0091
2016/7/22,3012.8157
2016/7/25,3015.8278
2016/7/26,3050.1661
2016/7/27,2991.9991
2016/7/28,2994.3234
2016/7/29,2979.3388
2016/8/1,2953.3854
2016/8/2,2971.2787
2016/8/3,2978.4608
2016/8/4,2982.4261
2016/8/5,2976.6962
2016/8/8,3004.2767
2016/8/9,3025.6805
2016/8/10,3018.7459
2016/8/11,3002.6376
2016/8/12,3050.6674
2016/8/15,3125.1952
2016/8/16,3110.0369
2016/8/17,3109.5549
2016/8/18,3104.1138
2016/8/19,3108.102
2016/8/22,3084.8051
2016/8/23,3089.7055
2016/8/24,3085.8804
2016/8/25,3068.3294
2016/8/26,3070.3088
2016/8/29,3070.0273
2016/8/30,3074.6768
2016/8/31,3085.491
2016/9/1,3063.3054
2016/9/2,3067.352
2016/9/5,3072.0953
2016/9/6,3090.7127
2016/9/7,3091.9281
2016/9/8,3095.9543
2016/9/9,3078.8548
2016/9/12,3021.9771
2016/9/13,3023.5095
2016/9/14,3002.8486
2016/9/19,3026.0513
2016/9/20,3022.9995
2016/9/21,3025.8736
2016/9/22,3042.3132
2016/9/23,3033.8956
2016/9/26,2980.4295
2016/9/27,2998.1723
2016/9/28,2987.8576
2016/9/29,2998.4827
2016/9/30,3004.703
2016/10/10,3048.1428
2016/10/11,3065.2497
2016/10/12,3058.4981
2016/10/13,3061.3458
2016/10/14,3063.8086
2016/10/17,3041.1663
2016/10/18,3083.8751
2016/10/19,3084.7189
2016/10/20,3084.4577
2016/10/21,3090.9412
2016/10/24,3128.2467
2016/10/25,3131.9385
2016/10/26,3116.3119
2016/10/27,3112.3498
2016/10/28,3104.2703
2016/10/31,3100.492
2016/11/1,3122.4356
2016/11/2,3102.7326
2016/11/3,3128.9356
2016/11/4,3125.3167
2016/11/7,3133.3326
2016/11/8,3147.8875
2016/11/9,3128.3702
2016/11/10,3171.282
2016/11/11,3196.0436
2016/11/14,3210.371
2016/11/15,3206.9858
2016/11/16,3205.0572
2016/11/17,3208.4525
2016/11/18,3192.8559
2016/11/21,3218.1477
2016/11/22,3248.3517
2016/11/23,3241.1366
2016/11/24,3241.7359
2016/11/25,3261.9378
2016/11/28,3276.9996
2016/11/29,3282.9238
2016/11/30,3250.0344
2016/12/1,3273.3093
2016/12/2,3243.8432
2016/12/5,3204.7092
2016/12/6,3199.6473
2016/12/7,3222.2415
2016/12/8,3215.3658
2016/12/9,3232.8834
2016/12/12,3152.9704
2016/12/13,3155.0374
2016/12/14,3140.5308
2016/12/15,3117.677
2016/12/16,3122.9815
2016/12/19,3118.0846
2016/12/20,3102.8759
2016/12/21,3137.4297
2016/12/22,3139.558
2016/12/23,3110.1544
2016/12/26,3122.569
2016/12/27,3114.664
2016/12/28,3102.2357
2016/12/29,3096.0968
2016/12/30,3103.6373
2017/1/3,3135.9208
2017/1/4,3158.794
2017/1/5,3165.4109
2017/1/6,3154.321
2017/1/9,3171.2362
2017/1/10,3161.6713
2017/1/11,3136.7535
2017/1/12,3119.2886
2017/1/13,3112.7644
2017/1/16,3103.428
2017/1/17,3108.7746
2017/1/18,3113.0123
2017/1/19,3101.2992
2017/1/20,3123.1389
2017/1/23,3136.7748
2017/1/24,3142.5533
2017/1/25,3149.5547
2017/1/26,3159.166
2017/2/3,3140.17
2017/2/6,3156.9838
2017/2/7,3153.0878
2017/2/8,3166.9818
2017/2/9,3183.1794
2017/2/10,3196.699
2017/2/13,3216.8394
2017/2/14,3217.928
2017/2/15,3212.9857
2017/2/16,3229.6184
2017/2/17,3202.0756
2017/2/20,3239.9613
2017/2/21,3253.3257
2017/2/22,3261.2184
2017/2/23,3251.375
2017/2/24,3253.4327
2017/2/27,3228.6602
2017/2/28,3241.7331
2017/3/1,3246.9335
2017/3/2,3230.0281
2017/3/3,3218.3118
2017/3/6,3233.8657
2017/3/7,3242.4063
2017/3/8,3240.6646
2017/3/9,3216.7457
2017/3/10,3212.7601
2017/3/13,3237.0244
2017/3/14,3239.3278
2017/3/15,3241.7597
2017/3/16,3268.9354
2017/3/17,3237.4471
2017/3/20,3250.8082
2017/3/21,3261.6108
2017/3/22,3245.2198
2017/3/23,3248.5495
2017/3/24,3269.4451
2017/3/27,3266.9552
2017/3/28,3252.9479
2017/3/29,3241.3144
2017/3/30,3210.2369
2017/3/31,3222.5142
2017/4/5,3270.3054
2017/4/6,3281.0047
2017/4/7,3286.616
2017/4/10,3269.3926
2017/4/11,3288.9657
2017/4/12,3273.8301
2017/4/13,3275.9603
